<?xml version="1.0" encoding="UTF-8"?>
<beans xmlns="http://www.springframework.org/schema/beans"
       xmlns:task="http://www.springframework.org/schema/task"
       xmlns:xsi="http://www.w3.org/2001/XMLSchema-instance"
       xmlns:tx="http://www.springframework.org/schema/tx" xmlns:context="http://www.springframework.org/schema/context"
       xsi:schemaLocation="http://www.springframework.org/schema/beans
                        http://www.springframework.org/schema/beans/spring-beans-3.1.xsd
                        http://www.springframework.org/schema/tx
                        http://www.springframework.org/schema/tx/spring-tx.xsd
                        http://www.springframework.org/schema/context
                        http://www.springframework.org/schema/context/spring-context.xsd
                        http://www.springframework.org/schema/task
                        http://www.springframework.org/schema/task/spring-task-3.2.xsd">

    <!-- 加载properties文件 -->
    <bean id="propertyConfigurer" class="org.springframework.beans.factory.config.PropertyPlaceholderConfigurer">
        <property name="location" value="classpath:jdbc.properties"/>
    </bean>

    <!-- 配置数据源 -->
    <bean id = "dataSource" class="com.zaxxer.hikari.HikariDataSource" destroy-method="close">
        <property name="driverClassName" value="${jdbc_driver}"/>
        <property name="jdbcUrl" value="${jdbc_url}"/>
        <property name="username" value="${jdbc_username}"/>
        <property name="password" value="${jdbc_password}"/>
        <property name="maximumPoolSize" value="100" />
        <property name="minimumIdle" value="10" />
        <property name="connectionTestQuery" value="select 1" />
        <property name="dataSourceProperties">
            <props>
                <prop key="cachePrepStmts">true</prop>
                <prop key="prepStmtCacheSize">250</prop>
                <prop key="prepStmtCacheSqlLimit">2048</prop>
                <prop key="useServerPrepStmts">true</prop>
            </props>
        </property>
    </bean>

    <!-- mybatis和spring完美整合，不需要mybatis的配置映射文件 -->
    <bean id="sqlSessionFactory" class="org.mybatis.spring.SqlSessionFactoryBean">
        <property name="dataSource" ref="dataSource"/>
        <!-- 扫描实体类 -->
        <property name="typeAliasesPackage" value="com.lsy.entity"/>
        <!-- 扫描sql配置文件:mapper需要的xml文件-->
        <property name="mapperLocations" value="classpath:com/lsy/mapper/*.xml"/>
    </bean>

    <!-- Mapper动态代理开发，扫描dao接口包-->
    <bean class="org.mybatis.spring.mapper.MapperScannerConfigurer">
        <!-- 注入sqlSessionFactory -->
        <property name="sqlSessionFactoryBeanName" value="sqlSessionFactory"/>
        <!-- 给出需要扫描Dao接口包 -->
        <property name="basePackage" value="com.lsy.dao"/>
    </bean>

    <!-- 自动扫描controller层 -->
  <!--   <context:component-scan base-package="com.lsy.controller" /> -->

    <!-- 自动扫描service层 -->
    <context:component-scan base-package="com.lsy.service" />
    
    <context:component-scan base-package="com.lsy.test" />

  

  

    <!-- 事务管理 -->
    <bean id="transactionManager" class="org.springframework.jdbc.datasource.DataSourceTransactionManager">
        <!--数据库连接池-->
        <property name="dataSource" ref="dataSource"/>
    </bean>


<!--    <bean id="timingTask" class="com.examSystem.task.TimingTask"/>-->

</beans>