<?xml version="1.0" encoding="UTF-8"?>
<!DOCTYPE generatorConfiguration
        PUBLIC "-//mybatis.org//DTD MyBatis Generator Configuration 1.0//EN"
        "http://mybatis.org/dtd/mybatis-generator-config_1_0.dtd">
<generatorConfiguration>
    <!--mysql 连接数据库jar 这里选择自己本地位置-->
    <!-- <classPathEntry location="D:\apache-maven-3.6.1\mavenLocal\mysql\mysql-connector-java\5.1.46\mysql-connector-java-5.1.46.jar"/> -->
    <context id="mysql" targetRuntime="MyBatis3Simple">

        <commentGenerator>
            <!-- 是否去除自动生成的注释 true：是 ： false:否 -->
            <property name="suppressAllComments" value="true"/>
        </commentGenerator>

        <!--数据库连接的信息：驱动类、连接地址、用户名、密码 -->
        <jdbcConnection driverClass="com.mysql.jdbc.Driver"
                        connectionURL="jdbc:mysql://localhost:3306/shop?useUnicode=true&amp;characterEncoding=UTF-8&amp;serverTimezone=Asia/Shanghai"
                        userId="root"
                        password="123456">
        </jdbcConnection>

        <!-- 默认false，把JDBC DECIMAL 和 NUMERIC 类型解析为 Integer，为 true时把JDBC DECIMAL 和
           NUMERIC 类型解析为java.math.BigDecimal -->
        <javaTypeResolver>
            <property name="forceBigDecimals" value="true"/>
        </javaTypeResolver>

        <!-- targetProject:生成模型实体类的位置 -->
        <javaModelGenerator targetPackage="com.lsy.entity"
                            targetProject="src/main/java">
            <!-- enableSubPackages:是否让schema作为包的后缀 -->
            <property name="enableSubPackages" value="false"/>
            <!-- 从数据库返回的值被清理前后的空格 -->
            <property name="trimStrings" value="true"/>
        </javaModelGenerator>

        <!-- targetProject:mapper映射文件生成的位置
           如果maven工程只是单独的一个工程，targetProject="src/main/java"
           若果maven工程是分模块的工程，targetProject="所属模块的名称"，例如：
           targetProject="ecps-manager-mapper"，下同-->
        <sqlMapGenerator targetPackage="com.lsy.mapper"
                         targetProject="src/main/java">
            <!-- enableSubPackages:是否让schema作为包的后缀 -->
            <property name="enableSubPackages" value="false"/>
        </sqlMapGenerator>

        <!-- targetPackage：mapper接口生成的位置 -->
        <javaClientGenerator type="XMLMAPPER"
                             targetPackage="com.lsy.dao"
                             targetProject="src/main/java">
            <!-- enableSubPackages:是否让schema作为包的后缀 -->
            <property name="enableSubPackages" value="false"/>
        </javaClientGenerator>

        <!-- 要生成的表 tableName是数据库中的表名或视图名 domainObjectName是实体类名，这里举例，只配置了一个table，你可以配置多个-->
        <!--<table tableName="1" domainObjectName="1"></table>-->
        <!--<table tableName="t_interaction_message" domainObjectName="InteractionMessage"></table>-->
        <!--<table tableName="t_official_accounts_info" domainObjectName="OfficialAccountInfoConfig"></table>-->
        <!--<table tableName="t_key_value" domainObjectName="keyvalue"></table>-->
        <!--<table tableName="t_sensitive_word" domainObjectName="SensitiveWord"></table>-->
        <!--<table tableName="t_black_list" domainObjectName="BlackList"></table>-->
        <!--<table tableName="t_interaction_plugin" domainObjectName="InteractionPlugin"></table>-->
        <!--<table tableName="t_wholeplugin" domainObjectName="WholePlugin"></table>-->
       <!--  <table catalog="shop" tableName="user" domainObjectName="User"></table> -->
        <table catalog="shop" tableName="auctioncar" domainObjectName="AuctionCar"></table>
        <!-- <table catalog="exam" tableName="truefalse" domainObjectName="TrueFalse"></table>
        <table catalog="exam" tableName="choice" domainObjectName="Choice"></table> -->
    </context>
</generatorConfiguration>
