<?xml version="1.0" encoding="UTF-8"?>
<beans xmlns="http://www.springframework.org/schema/beans"
	xmlns:task="http://www.springframework.org/schema/task"
	xmlns:xsi="http://www.w3.org/2001/XMLSchema-instance" 
	xmlns:aop="http://www.springframework.org/schema/aop"
	xmlns:context="http://www.springframework.org/schema/context"
	
	xsi:schemaLocation="http://www.springframework.org/schema/beans
                        http://www.springframework.org/schema/beans/spring-beans-3.1.xsd
                        http://www.springframework.org/schema/context
                        http://www.springframework.org/schema/context/spring-context.xsd
                        http://www.springframework.org/schema/aop
                        http://www.springframework.org/schema/aop/spring-aop-4.3.xsd
                        http://www.springframework.org/schema/task
                        http://www.springframework.org/schema/task/spring-task-3.2.xsd">
	<context:component-scan base-package="com.lsy.test"></context:component-scan>
	<aop:aspectj-autoproxy />

	<!-- 1目标类 -->
	<bean id="userDao" class="com.lsy.test.UserDaoImpl" />
	<!-- 2切面类 -->
	<bean id="myAspect" class="com.lsy.test.MyAspect" />
	<bean id="userDaoProxy" class="org.springframework.aop.framework.ProxyFactoryBean">

		<property name="proxyInterfaces" value="com.lsy.test.UserDao" />
		<property name="target" ref="userDao" />
		<property name="interceptorNames" value="myAspect" />

		<property name="proxyTargetClass" value="true" />
	</bean>




	<!-- <bean id="timingTask" class="com.examSystem.task.TimingTask"/> -->

</beans>