<?xml version="1.0" encoding="UTF-8"?>
<beans xmlns="http://www.springframework.org/schema/beans"
	xmlns:p="http://www.springframework.org/schema/p" xmlns:task="http://www.springframework.org/schema/task"
	xmlns:xsi="http://www.w3.org/2001/XMLSchema-instance" xmlns:tx="http://www.springframework.org/schema/tx"
	xmlns:context="http://www.springframework.org/schema/context"
	xsi:schemaLocation="http://www.springframework.org/schema/beans
                        http://www.springframework.org/schema/beans/spring-beans-3.1.xsd
                        http://www.springframework.org/schema/tx
                        http://www.springframework.org/schema/tx/spring-tx.xsd
                        http://www.springframework.org/schema/context
                        http://www.springframework.org/schema/context/spring-context.xsd
                        http://www.springframework.org/schema/task
                        
                        http://www.springframework.org/schema/task/spring-task-3.2.xsd">







	<!-- 自动扫描controller层 -->
	<context:component-scan base-package="com.lsy.*" />


	<bean id="car1" class="com.lsy.entity.Cars" p:brand="宝马" p:color="红色"
		p:displacement="1L" />
	<bean id="car2" class="com.lsy.entity.Cars" p:brand="奔驰" p:color="蓝色"
		p:displacement="2L" />
	<bean id="car3" class="com.lsy.entity.Cars" p:brand="奥迪" p:color="黄色"
		p:displacement="3L" />

	<bean id="boss1" class="com.lsy.entity.Boss" p:name="大雄"
		p:company="大雄公司" p:hobby="洗澡" p:cars-ref="car1" />
	<bean id="boss2" class="com.lsy.entity.Boss" p:name="胖虎"
		p:company="胖虎公司" p:hobby="跑步" p:cars-ref="car2" />
	<bean id="boss3" class="com.lsy.entity.Boss" p:name="静香"
		p:company="静香公司" p:hobby="吃饭" p:cars-ref="car3" />

	<bean id="meeting" class="com.lsy.entity.Meeting">
		<property name="theme">
			<value>"梦回童话主题"</value>
		</property>

		<property name="list">
			<list>
				<ref bean="boss1" />
				<ref bean="boss2" />
				<ref bean="boss3" />
			</list>
		</property>
	</bean>







	<!-- <bean id="timingTask" class="com.examSystem.task.TimingTask"/> -->

</beans>