<?xml version="1.0" encoding="UTF-8"?>
<!DOCTYPE mapper PUBLIC "-//mybatis.org//DTD Mapper 3.0//EN" "http://mybatis.org/dtd/mybatis-3-mapper.dtd">
<mapper namespace="com.lsy.dao.AuctionCarMapper">
  <resultMap id="BaseResultMap" type="com.lsy.entity.AuctionCar">
    <result column="user" jdbcType="VARCHAR" property="user" />
    <result column="Id" jdbcType="VARCHAR" property="id" />
    <result column="title" jdbcType="VARCHAR" property="title" />
    <result column="description" jdbcType="VARCHAR" property="description" />
    <result column="price" jdbcType="REAL" property="price" />
  </resultMap>
  <insert id="insert" parameterType="com.lsy.entity.AuctionCar">
    insert into auctioncar (user, Id, title, 
      description, price)
    values (#{user,jdbcType=VARCHAR}, #{id,jdbcType=VARCHAR}, #{title,jdbcType=VARCHAR}, 
      #{description,jdbcType=VARCHAR}, #{price,jdbcType=REAL})
  </insert>
  <select id="selectAll" resultMap="BaseResultMap">
    select user, Id, title, description, price
    from auctioncar
  </select>
</mapper>