<?xml version="1.0" encoding="UTF-8"?>
<!DOCTYPE mapper PUBLIC "-//mybatis.org//DTD Mapper 3.0//EN" "http://mybatis.org/dtd/mybatis-3-mapper.dtd">
<mapper namespace="com.lsy.dao.UserMapper">
  <resultMap id="BaseResultMap" type="com.lsy.entity.User">
    <id column="Id" jdbcType="INTEGER" property="id" />
    <result column="name" jdbcType="VARCHAR" property="name" />
    <result column="password" jdbcType="VARCHAR" property="password" />
    <result column="phone" jdbcType="VARCHAR" property="phone" />
    <result column="address" jdbcType="VARCHAR" property="address" />
    <result column="sex" jdbcType="VARCHAR" property="sex" />
    <result column="email" jdbcType="VARCHAR" property="email" />
  </resultMap>
  <delete id="deleteByPrimaryKey" parameterType="java.lang.Integer">
    delete from user
    where Id = #{id,jdbcType=INTEGER}
  </delete>
  <insert id="insert" parameterType="com.lsy.entity.User">
    insert into user (Id, name, password, 
      phone, address, sex, 
      email)
    values (#{id,jdbcType=INTEGER}, #{name,jdbcType=VARCHAR}, #{password,jdbcType=VARCHAR}, 
      #{phone,jdbcType=VARCHAR}, #{address,jdbcType=VARCHAR}, #{sex,jdbcType=VARCHAR}, 
      #{email,jdbcType=VARCHAR})
  </insert>
  <update id="updateByPrimaryKey" parameterType="com.lsy.entity.User">
    update user
    set name = #{name,jdbcType=VARCHAR},
      password = #{password,jdbcType=VARCHAR},
      phone = #{phone,jdbcType=VARCHAR},
      address = #{address,jdbcType=VARCHAR},
      sex = #{sex,jdbcType=VARCHAR},
      email = #{email,jdbcType=VARCHAR}
    where Id = #{id,jdbcType=INTEGER}
  </update>
  <select id="selectByPrimaryKey" parameterType="java.lang.Integer" resultMap="BaseResultMap">
    select Id, name, password, phone, address, sex, email
    from shop..user
    where Id = #{id,jdbcType=INTEGER}
  </select>
  <select id="selectAll" resultMap="BaseResultMap">
    select Id, name, password, phone, address, sex, email
    from user
  </select>
</mapper>